epoch,time,train/box_loss,train/cls_loss,train/dfl_loss,metrics/precision(B),metrics/recall(B),metrics/mAP50(B),metrics/mAP50-95(B),val/box_loss,val/cls_loss,val/dfl_loss,lr/pg0,lr/pg1,lr/pg2
1,21.5448,1.13583,4.43506,1.09898,0.00285,0.15,0.00121,0.0003,0.91969,4.5384,1.04988,5e-05,5e-05,5e-05
2,41.696,0.95633,3.6228,0.96672,0.02755,1,0.995,0.78511,0.74164,3.90031,0.83837,0.000108911,0.000108911,0.000108911
3,62.2622,0.99695,1.98821,0.92918,0.05464,1,0.995,0.75082,0.81079,3.61398,0.82712,0.000166634,0.000166634,0.000166634
4,82.8093,0.82704,1.35778,0.92416,0.08097,1,0.99024,0.75984,0.77802,3.59738,0.84198,0.000223169,0.000223169,0.000223169
5,102.758,0.79854,1.55799,0.88913,0.06689,1,0.995,0.75456,0.80016,3.70479,0.84913,0.000278516,0.000278516,0.000278516
6,123.145,0.97988,1.42348,1.00401,0.04651,1,0.995,0.74676,0.81784,3.55937,0.85822,0.000332675,0.000332675,0.000332675
7,143.157,0.84283,1.29042,0.9269,0.03683,1,0.995,0.74491,0.82111,3.49668,0.89552,0.000385646,0.000385646,0.000385646
8,163.956,0.79886,1.35197,0.9314,0.03279,1,0.995,0.75227,0.81744,3.53964,0.90134,0.000437429,0.000437429,0.000437429
9,183.703,0.84647,1.25665,1.00855,0.02323,1,0.98848,0.78851,0.77239,3.58865,0.92816,0.000488024,0.000488024,0.000488024
10,203.151,0.9373,1.2773,1.04718,0.01327,1,0.995,0.79441,0.75105,3.45106,0.9162,0.000537431,0.000537431,0.000537431
11,222.749,0.94598,1.3061,1.03807,0.59745,1,0.95395,0.73876,0.74901,3.451,0.93502,0.00058565,0.00058565,0.00058565
12,242.283,0.71547,2.18367,0.82422,1,0.76604,0.995,0.714,0.85823,3.09621,0.97966,0.000632681,0.000632681,0.000632681
13,261.345,1.2462,1.37829,1.4052,1,0.18542,0.995,0.7711,0.80249,3.06571,1.00397,0.000678524,0.000678524,0.000678524
14,280.431,0.75344,2.16022,0.86622,1,0.68492,0.995,0.77969,0.77226,2.80626,0.99119,0.000723179,0.000723179,0.000723179
15,299.56,0.86443,1.1536,1.09875,0.98044,1,0.995,0.8081,0.75273,2.47667,0.97708,0.000766646,0.000766646,0.000766646
16,318.926,0.80966,1.16669,1.01514,0.98212,1,0.995,0.78668,0.76627,2.28508,0.96892,0.000808925,0.000808925,0.000808925
17,337.903,0.89692,1.12756,0.98934,0.98451,1,0.995,0.81974,0.7465,2.00202,0.99653,0.0008416,0.0008416,0.0008416
18,356.997,0.86789,1.08681,1.00304,0.99942,1,0.995,0.78246,0.76159,1.83203,1.00266,0.0008317,0.0008317,0.0008317
19,376.45,0.83898,1.12263,0.98695,1,0.97761,0.995,0.79493,0.71543,2.19797,0.96094,0.0008218,0.0008218,0.0008218
20,395.622,0.92247,1.26623,1.15573,1,0.99475,0.995,0.77886,0.72969,1.59888,0.95087,0.0008119,0.0008119,0.0008119
21,415.092,0.71576,1.09272,1.00463,1,0.99676,0.995,0.79538,0.76455,1.44267,0.95579,0.000802,0.000802,0.000802
22,434.295,0.82839,1.03864,1.00064,0.99851,1,0.995,0.79332,0.74799,1.41521,0.96485,0.0007921,0.0007921,0.0007921
23,453.344,0.74105,0.93195,0.93642,0.99739,1,0.995,0.80445,0.71628,1.25562,0.95857,0.0007822,0.0007822,0.0007822
24,472.447,0.74123,0.97697,1.0183,0.99721,1,0.995,0.797,0.77273,1.13135,0.9742,0.0007723,0.0007723,0.0007723
25,491.459,0.77596,0.93,0.97765,0.99652,1,0.995,0.80339,0.78904,1.12179,0.98281,0.0007624,0.0007624,0.0007624
26,510.551,0.78122,0.99617,0.96349,0.99651,1,0.995,0.82598,0.70261,1.16517,0.95947,0.0007525,0.0007525,0.0007525
27,529.704,0.82691,1.01097,0.99204,0.99713,1,0.995,0.81623,0.71122,1.09374,0.95694,0.0007426,0.0007426,0.0007426
28,548.811,0.69399,0.92856,0.9216,0.99693,1,0.995,0.81024,0.70737,1.00092,0.96689,0.0007327,0.0007327,0.0007327
29,567.762,0.74213,0.94253,1.0038,0.99651,1,0.995,0.8021,0.72352,1.03267,0.96717,0.0007228,0.0007228,0.0007228
30,586.981,0.76774,0.98168,1.02296,0.99674,1,0.995,0.81891,0.71175,1.00825,0.96608,0.0007129,0.0007129,0.0007129
31,606.31,0.78988,0.90071,0.96645,0.9968,1,0.995,0.79229,0.76384,0.99984,0.9862,0.000703,0.000703,0.000703
32,625.933,0.69719,0.85521,0.94377,0.99708,1,0.995,0.77974,0.79827,1.07663,0.99614,0.0006931,0.0006931,0.0006931
33,645.054,0.81143,0.86453,0.97418,0.99679,1,0.995,0.80658,0.75556,1.07962,0.97976,0.0006832,0.0006832,0.0006832
34,664.408,0.77266,0.86047,0.94632,0.99668,1,0.995,0.80039,0.75239,0.97087,0.991,0.0006733,0.0006733,0.0006733
35,683.801,0.85092,0.8867,1.03411,0.99669,1,0.995,0.80335,0.72154,0.94565,0.97117,0.0006634,0.0006634,0.0006634
36,702.758,0.73951,0.84761,0.97451,0.99661,1,0.995,0.82967,0.67671,0.9898,0.9444,0.0006535,0.0006535,0.0006535
37,721.787,0.73495,0.82725,0.95685,0.99763,1,0.995,0.83554,0.6596,0.96721,0.93864,0.0006436,0.0006436,0.0006436
38,740.796,0.75594,0.81428,1.0061,0.99785,1,0.995,0.82002,0.69143,0.89486,0.95171,0.0006337,0.0006337,0.0006337
39,759.725,0.65768,0.73026,0.90809,0.99766,1,0.995,0.79179,0.81471,0.91329,0.98454,0.0006238,0.0006238,0.0006238
40,778.799,0.72727,0.79438,0.94271,0.99659,1,0.995,0.7853,0.77974,0.89659,0.98863,0.0006139,0.0006139,0.0006139
41,797.726,0.65063,0.79211,0.94002,0.99652,1,0.995,0.79449,0.69997,0.86491,0.96759,0.000604,0.000604,0.000604
42,816.662,0.77379,0.83734,1.04058,0.99701,1,0.995,0.81617,0.71563,0.82555,0.96127,0.0005941,0.0005941,0.0005941
43,835.65,0.70119,0.74715,0.92707,0.99721,1,0.995,0.80765,0.74594,0.80008,0.96783,0.0005842,0.0005842,0.0005842
44,854.833,0.71853,0.71522,0.91253,0.9973,1,0.995,0.82271,0.67698,0.76782,0.95033,0.0005743,0.0005743,0.0005743
45,873.792,0.70587,0.74806,0.91229,0.99721,1,0.995,0.82354,0.67172,0.78173,0.94655,0.0005644,0.0005644,0.0005644
46,892.821,0.74971,0.72445,0.93798,0.99701,1,0.995,0.79672,0.72025,0.81047,0.9666,0.0005545,0.0005545,0.0005545
47,911.762,0.75643,0.89704,1.02799,0.99713,1,0.995,0.78202,0.76527,0.7945,0.97528,0.0005446,0.0005446,0.0005446
48,930.718,0.56458,0.6497,0.89748,0.99732,1,0.995,0.81512,0.73976,0.76247,0.96258,0.0005347,0.0005347,0.0005347
49,949.691,0.54743,1.17082,0.75917,0.99725,1,0.995,0.80954,0.70722,0.73714,0.95564,0.0005248,0.0005248,0.0005248
50,969.428,0.75497,0.68939,0.95109,0.99731,1,0.995,0.82215,0.67397,0.72964,0.94957,0.0005149,0.0005149,0.0005149
51,988.374,0.67197,0.68306,0.95687,0.99704,1,0.995,0.83471,0.66404,0.73629,0.9476,0.000505,0.000505,0.000505
52,1007.37,0.57939,1.15073,0.79548,0.9972,1,0.995,0.81122,0.72857,0.74177,0.95959,0.0004951,0.0004951,0.0004951
53,1026.46,0.63412,0.66517,0.91278,0.99739,1,0.995,0.81328,0.72572,0.71989,0.95861,0.0004852,0.0004852,0.0004852
54,1045.41,0.55907,0.66095,0.90961,0.99726,1,0.995,0.80396,0.73495,0.71036,0.97517,0.0004753,0.0004753,0.0004753
55,1064.56,0.6038,0.65304,0.93554,0.99731,1,0.995,0.79212,0.73303,0.709,0.96989,0.0004654,0.0004654,0.0004654
56,1083.72,0.59481,0.60609,0.90752,0.99728,1,0.995,0.80764,0.7372,0.70926,0.96824,0.0004555,0.0004555,0.0004555
57,1102.75,0.64468,0.58976,0.9193,0.99728,1,0.995,0.81304,0.74463,0.71005,0.96809,0.0004456,0.0004456,0.0004456
58,1121.83,0.64468,0.65068,0.97845,0.99745,1,0.995,0.80481,0.72143,0.68508,0.95667,0.0004357,0.0004357,0.0004357
59,1142.53,0.57525,0.56069,0.89748,0.99746,1,0.995,0.8059,0.71338,0.66685,0.95263,0.0004258,0.0004258,0.0004258
60,1163.05,0.65347,0.60795,0.90566,0.99752,1,0.995,0.80551,0.75207,0.70455,0.95697,0.0004159,0.0004159,0.0004159
61,1183.41,0.58983,0.60337,0.92746,0.99733,1,0.995,0.81249,0.76388,0.70285,0.9623,0.000406,0.000406,0.000406
62,1203.99,0.50748,1.02701,0.76376,0.99724,1,0.995,0.82207,0.74647,0.67846,0.96009,0.0003961,0.0003961,0.0003961
63,1224.52,0.64158,0.67097,0.96604,0.99732,1,0.995,0.80149,0.77541,0.68196,0.96803,0.0003862,0.0003862,0.0003862
64,1244.01,0.73349,0.66244,0.93893,0.99738,1,0.995,0.79263,0.80827,0.67574,0.98112,0.0003763,0.0003763,0.0003763
65,1264.55,0.56706,0.64782,0.92226,0.99737,1,0.995,0.79311,0.78161,0.66329,0.97293,0.0003664,0.0003664,0.0003664
66,1284.78,0.55647,0.57184,0.90491,0.99736,1,0.995,0.79578,0.69895,0.64795,0.96175,0.0003565,0.0003565,0.0003565
67,1305.04,0.66245,0.61506,0.93216,0.9974,1,0.995,0.82219,0.69201,0.64258,0.95857,0.0003466,0.0003466,0.0003466
68,1325.12,0.52948,0.67063,0.85645,0.99736,1,0.995,0.82184,0.68722,0.61357,0.95808,0.0003367,0.0003367,0.0003367
69,1345.48,0.50697,0.98627,0.76211,0.99739,1,0.995,0.81433,0.68793,0.60832,0.9573,0.0003268,0.0003268,0.0003268
70,1364.91,0.57418,0.55236,0.92185,0.99723,1,0.995,0.81254,0.73284,0.6415,0.96538,0.0003169,0.0003169,0.0003169
71,1384.78,0.56806,0.57028,0.84425,0.99726,1,0.995,0.77788,0.76514,0.6395,0.97735,0.000307,0.000307,0.000307
72,1405.13,0.49144,0.54804,0.91421,0.99728,1,0.995,0.77192,0.78225,0.63929,1.00127,0.0002971,0.0002971,0.0002971
73,1425.52,0.42987,1.10621,0.73785,0.99734,1,0.995,0.78008,0.75004,0.62561,0.99571,0.0002872,0.0002872,0.0002872
74,1444.68,0.53788,0.54203,0.88191,0.99736,1,0.995,0.80533,0.71371,0.61411,0.97976,0.0002773,0.0002773,0.0002773
75,1464.02,0.61844,0.55747,0.90583,0.99733,1,0.995,0.7978,0.72649,0.61669,0.98516,0.0002674,0.0002674,0.0002674
76,1483.55,0.41897,0.50513,0.78612,0.99729,1,0.995,0.77495,0.76107,0.63826,1.00893,0.0002575,0.0002575,0.0002575
77,1503.3,0.57829,0.53511,0.89244,0.99731,1,0.995,0.77913,0.75953,0.63588,1.00227,0.0002476,0.0002476,0.0002476
78,1524.31,0.59751,0.58782,0.92361,0.99732,1,0.995,0.7753,0.80924,0.62221,1.00476,0.0002377,0.0002377,0.0002377
79,1545.49,0.54256,0.51225,0.89252,0.99733,1,0.995,0.78301,0.80819,0.61748,1.0034,0.0002278,0.0002278,0.0002278
80,1567.01,0.5289,0.52642,0.8705,0.99724,1,0.995,0.79067,0.77947,0.61425,0.98967,0.0002179,0.0002179,0.0002179
81,1588.14,0.50758,0.52436,0.87292,0.99729,1,0.995,0.78728,0.76877,0.60774,0.98376,0.000208,0.000208,0.000208
82,1609.23,0.58749,0.52873,0.87113,0.99731,1,0.995,0.78237,0.80242,0.60789,0.99667,0.0001981,0.0001981,0.0001981
83,1630.21,0.5657,0.51418,0.89787,0.99735,1,0.995,0.78634,0.80195,0.60134,1.00098,0.0001882,0.0001882,0.0001882
84,1651.75,0.50285,0.50801,0.89547,0.99737,1,0.995,0.80202,0.72719,0.58034,0.98158,0.0001783,0.0001783,0.0001783
85,1672.26,0.47147,0.50838,0.86198,0.99741,1,0.995,0.82486,0.69446,0.57003,0.9648,0.0001684,0.0001684,0.0001684
86,1693.1,0.52318,0.47815,0.90698,0.99739,1,0.995,0.82273,0.68209,0.55681,0.9488,0.0001585,0.0001585,0.0001585
87,1712.72,0.40856,0.83244,0.73535,0.99743,1,0.995,0.81914,0.68881,0.55996,0.94809,0.0001486,0.0001486,0.0001486
